﻿Designator,Footprint,Quantity,Value,LCSC Part #
BZ1,MagneticBuzzer_CUI_CMT-8504-100-SMT,1,Buzzer,
"C1, C19, C20, C21, C3, C63, C64",0603,7,10nF,
"C10, C52, C57, C59, C61",C_Elec_8x10.2,5,330uF,
"C11, C13, C33, C34, C35, C54, C55, C65, C66, C67, C70, C71, C72, C73",1206,14,10uF 50V X7R,
C12,0805,1,1uF 50V X7R,
"C14, C2, C22, C23, C24, C29, C31, C4, C44, C5, C53, C62, C75, C78, C79",0603,15,100nF,
"C15, C30, C42, C49",0805,4,1uF,
"C16, C28, C45",1206,3,4.7uF,
"C17, C6, C7, C82",0603,4,1uF,
"C25, C26, C27",0603,3,6nF,
"C32, C40, C43",CP_Elec_8x10,3,330uF,
"C36, C74",0603,2,470nF,
C37,0603,1,22nF,
C38,0603,1,220pF,
C39,1206,1,100nF 16V,
"C41, C68, C69",1206,3,10uF 16V X7R,
"C47, C48, C50, C51, C80, C81",0603,6,220nF,
C56,1206,1,1nF,
C58,1206,1,10nF,
C60,1206,1,100nF,
"C76, C77",0603,2,4.7uF,
"C8, C83",0805,2,100nF 50V X7R,
C9,1206,1,100pF,
"D1, D15, D8, D9",SOT-23-5,4,ESDA5V3SC5,
D10,D_SMA,1,D_Schottky,
D11,P26_DO-214AA_SMB,1,~,
D12,D_SOD-323_HandSoldering,1,D_Schottky,
"D13, D21, D22, D25, D26, D27, D28, D29, D7",D_SOD-323_HandSoldering,9,D,
"D14, D18, D19, D20, D6",D_SMB_Handsoldering,5,P6SMBJ26A,
"D16, D2, D4, D5",0805,4,LED,
D17,SOT-23,1,SM712_SOT23,
D23,D_SMB,1,P6SMBJ26A,
"D24, D3",D_SOD-323_HandSoldering,2,1N4148,
DS1,PinSocket_1x04_P2.54mm_Vertical,1,OLED_128X64_1.3_I2C,
"F2, F3, F4",Fuseholder_Blade_Mini_Keystone_3568,3,Fuse,
J1,USB_C_Receptacle_HRO_TYPE-C-31-M-12,1,USB_C_Receptacle_USB2.0_14P,
"J10, J11, J12, J13, J8, J9",Molex_Mini-Fit_Jr_5566-06A_2x03_P4.20mm_Vertical,6,ATX_2X3,
"J14, J15",M6_Screw_Terminal,2,M6,
"J16, J17","PhoenixContact_MCV_1,5_2-G-3.5_1x02_P3.50mm_Vertical",2,Conn_01x02,
J18,Molex_KK-254_AE-6410-02A_1x02_P2.54mm_Vertical,1,Conn_01x02,
"J2, J4, J5",M8_Screw_Terminal,3,M8,
J3,"PhoenixContact_MCV_1,5_3-G-3.5_1x03_P3.50mm_Vertical",1,Conn_01x03,
J6,"PhoenixContact_MCV_1,5_8-G-3.5_1x08_P3.50mm_Vertical",1,Conn_01x08,
J7,PinHeader_1x05_P2.54mm_Vertical,1,Conn_01x05,
L1,IND_XAL6060_COC-L,1,15uH,
L2,L_Vishay_IHLP-6767,1,8.2uH 20A,
M1,"PhoenixContact_MCV_1,5_2-G-3.5_1x02_P3.50mm_Vertical",1,Fan,
M2,Molex_KK-254_AE-6410-02A_1x02_P2.54mm_Vertical,1,Fan,
"Q1, Q11, Q12, Q15",SOT-23,4,BC817,
"Q10, Q4, Q5, Q6, Q7, Q8, Q9",Infineon_PG-HSOF-8-1_ThermalVias,7,FDBL86066-F085,
"Q13, Q14",SOT-23,2,IRLML0030,
"Q16, Q17, Q2, Q3",PowerPAK_SO-8_Single,4,SiR870DP,
"R1, R2",0603,2,5K1,
"R10, R59, R70, R71, R74, R76, R77",0603,7,100R,
"R11, R12, R13, R64, R65, R66",0603,6,470R,
"R14, R23, R80, R81",0603,4,TBD,
R15,0603,1,220,
R16,0603,1,10,
R17,0603,1,4.7K,
R18,0603,1,7.5K,
R19,0603,1,2.5K,
"R20, R21, R22, R47, R60, R67, R68, R69",0603,8,4K7,
"R28, R29, R32, R34, R42",0603,5,10R,
"R3, R4",0603,2,22,
"R30, R44, R45, R46, R48, R49, R5, R50, R51, R52",0603,10,1K,
"R53, R75",0508,2,5mOhm,
"R54, R55, R56",0603,3,20R,
"R57, R58",0603,2,10K,
"R6, R8",0603,2,92.4K,
"R61, R63",0603,2,2K2,
"R7, R9",0603,2,6.6K,
R72,0603,1,249R,
R73,0603,1,24.88K,
R78,0603,1,133K,
R79,0603,1,1M,
"SW1, SW2, SW3",SW_Tactile_SPST_Angled_PTS645Vx58-2LFS,3,SW_Push,
U1,QFN50P350X350X100-21N,1,BQ76907RGRR,
U10,LQFP-48_7x7mm_P0.5mm,1,LPC11U67JBD48,
"U11, U15",SOP-4_4.4x2.6mm_P1.27mm,2,TLP290,
U12,HSOP-8-1EP_3.9x4.9mm_P1.27mm_EP2.41x3.1mm_ThermalVias,1,L5973D,
U13,SOT-223-3_TabPin2,1,AMS1117-3.3,
U14,SOIC-8_3.9x4.9mm_P1.27mm,1,OPA2197xD,
U17,IC_BQ25756RRVR,1,BQ25756RRVR,
U18,SOT95P251X112-3N,1,LM60CIM3_NOPB,LM60CIM3/NOPB
"U19, U8",SOT-23-6,2,AP74700Q,
"U2, U4, U5",SOIC-8_3.9x4.9mm_P1.27mm,3,ACS71240LLCBTR-010B3,
"U3, U7, U9",SOT-23-6,3,IRS20752,
XMER1,FIL_CMX1616Z171B-10,1,CMX1616,
